"1001158684-M_BCa9PwH32",0,0,0,"简直太忧伤了，还没开始考试，又发寄成绩单的信封了，我真的长大了吗？[笑cry][笑cry","2014-12-23 14:53:20 ","三星Galaxy Note II","1001158684",
"1001158684-M_BrwTBF2ap",0,1,0,"我都想哭了[泪][泪]，为什么体育选修网球！现在好了，在今天早上练习一个小时之后，右手已经无力，或许这种情况会持续几天，现在灰常佩服李娜，运动员不是那么好当的[生病][生病","2014-10-14 16:33:12 ","三星Galaxy Note II","1001158684",
"1001158684-M_BsW81Fxkz",0,0,0,"说实话，我还是很喜欢上近代史的，老师讲的有趣，课堂氛围轻松，如果期末考试能开卷就更好了[爱你][爱你","2014-10-23 22:37:42 ","三星Galaxy Note II","1001158684",
"1001158684-M_Bsl3U4KrY",2,0,0,"这两天上AXXA也是神志不清了，简直了这强度[泪][泪","2014-10-20 00:15:53 ","三星Galaxy Note II","1001158684",
"1001158684-M_BvieOECS5",0,0,0,"人生有很多选择，在选择前不能以现在的情况判断未来的预期，那样往往会错失良机。","2014-11-08 10:35:28 ","三星Galaxy Note II","1001158684",
"1001158684-M_BziVudRkS",0,1,0,"这两张纸以前只在高中政治书上见过，现在变成了现实，我只想高歌一曲：“农奴翻身把歌唱啊，把歌唱”[笑cry][笑cry","2014-12-04 19:41:48 ","三星Galaxy Note II","1001158684",
"1001158684-M_C1ibT0sGx",0,0,0,"何以琛说的话，简直太羞人了，吻技也老好[偷笑][偷笑","2015-01-26 02:03:24 ","三星Galaxy Note II","1001158684",
"1001158684-M_C5TYalIBM",1,0,0,"好忧伤，又要回学校了，我不想走，不想走[悲伤][悲伤","2015-02-25 09:35:13 ","三星Galaxy Note II","1001158684",
"1001158684-M_C6wth3Fbg",0,0,0,"我分享了","2015-03-01 11:36:13 ","三星Galaxy Note II","1001158684",
"1001158684-M_DiyXrbYlS",0,0,0,"瞧瞧][瞧瞧] ","02月19日 14:43 ","三星Galaxy Note II","1001158684",
"1005553684-M_DrXFG4Qo9",0,0,0,,"04月21日 10:11 ","iPhone 6s","1005553684",
"1005553684-M_DrXRHjjKy",0,1,0,"全网最全的一手货源号总部！童装货源，男女装货源，包包货源，高端奢侈品复刻、零食家纺等统统有！解决你微商货源和客源两大难题！➕微：209556463[可爱]另外，本人每月固定飞韩采购，需要的扫一扫图[2]️二维码，或添加微信：181513813","04月21日 10:41 ","iPhone 6s","1005553684",
"1005553684-M_DrXfJpR7H",0,0,0,,"04月21日 09:07 ","iPhone 6s","1005553684",
"1005553684-M_Ds4cl78GL",0,0,0,"咖啡]️咖啡喝多了，睡不着了！两个群同步培训结束。因为太晚，好多盟友还没来急进群[偷笑]以后再也不用担心爆满了，可以两个群一起培训了[傻笑]虽然自己还不够好，但是很庆幸自己有一群努力向上的盟友！每一个选择相信乐宝的人，我都会对你负责到底，不辜负你当初的信任！我不能保证你一月赚多少多少，但是 ","04月22日 02:48 ","iPhone 6s","1005553684",
"1005553684-M_DshqXfwbg",0,0,0,"全网最全的一手货源号总部！童装货源，男女装货源，包包货源，高端奢侈品复刻、零食家纺等统统有！解决你微商货源和客源两大难题！➕微：209556463[可爱","04月23日 12:30 ","iPhone 6s","1005553684",
"1005553684-M_DstiLjGoX",0,0,0,"特别受欢迎的一家","04月24日 18:43 ","iPhone 6s","1005553684",
"1005748394-M_BlEkNEdb4",0,0,0,"我参与了","2014-09-06 00:27:36 ","手机微博触屏版","1005748394",
"1005748394-M_Blgqz3XNb",0,1,0,"我刚换了“情迷宝丽来”模板 ","2014-09-03 11:35:52 ","微博 weibo.com","1005748394",
"1005748394-M_BlicXf0OU",0,0,0,"我正在使用""仰望""","2014-09-03 16:07:50 ","微博 weibo.com","1005748394",
"1005748394-M_BlkRwz7uj",0,1,0,"发表了博文《Rocky--陈乐基基本信息》陈乐基，男，中国香港杀手锏乐队主唱，参加了第三季中国好声音，以一首<</span>月半小夜曲>让4位导师全部转身.成功的被汪峰老师收入门下基本信息栏编辑中文名","2014-09-03 22:53:17 ","新浪博客","1005748394",